{"is_source_file": false, "format": "", "description": "", "external_files": [], "external_methods": [], "published": [], "classes": [], "methods": [], "calls": [], "search-terms": [], "state": 2, "file_id": 10, "knowledge_revision": 17, "git_revision": "d3b72526b6144e458131b3fef8556b53a994a681", "hash": "be6538e7523bc2e9da0743133d784136", "format-version": 4, "code-base-name": "chat_frontend", "filename": "chat_frontend/eslint.config.mjs", "revision_history": [{"17": "d3b72526b6144e458131b3fef8556b53a994a681"}]}