{"is_source_file": false, "format": "", "description": "", "external_files": [], "external_methods": [], "published": [], "classes": [], "methods": [], "calls": [], "search-terms": [], "state": 2, "file_id": 11, "knowledge_revision": 19, "git_revision": "d3b72526b6144e458131b3fef8556b53a994a681", "hash": "ebece526bc2eadd78ddd787a76c56607", "format-version": 4, "code-base-name": "chat_frontend", "filename": "chat_frontend/README.md", "revision_history": [{"19": "d3b72526b6144e458131b3fef8556b53a994a681"}]}