{"is_source_file": true, "format": "JavaScript", "description": "A test setup file for configuring jest-dom matchers for DOM assertions in a React application's testing environment.", "external_files": ["@testing-library/jest-dom"], "external_methods": [], "published": [], "classes": [], "methods": [], "calls": ["import '@testing-library/jest-dom'"], "search-terms": ["jest-dom", "testing-library", "setupTests", "React testing"], "state": 2, "file_id": 1, "knowledge_revision": 23, "git_revision": "d3b72526b6144e458131b3fef8556b53a994a681", "ctags": [], "hash": "1a77571e1a8cf36018a41bcedf60db75", "format-version": 4, "code-base-name": "chat_frontend", "filename": "chat_frontend/src/setupTests.js", "revision_history": [{"23": "d3b72526b6144e458131b3fef8556b53a994a681"}]}