{"is_source_file": false, "format": "", "description": "", "external_files": [], "external_methods": [], "published": [], "classes": [], "methods": [], "calls": [], "search-terms": [], "state": 2, "file_id": 9, "knowledge_revision": 18, "git_revision": "d3b72526b6144e458131b3fef8556b53a994a681", "hash": "d2b40d02d5f7873d8a6713bad837edd4", "format-version": 4, "code-base-name": "chat_frontend", "filename": "chat_frontend/public/index.html", "revision_history": [{"18": "d3b72526b6144e458131b3fef8556b53a994a681"}]}