{"is_source_file": false, "format": "", "description": "", "external_files": [], "external_methods": [], "published": [], "classes": [], "methods": [], "calls": [], "search-terms": [], "state": 2, "file_id": 7, "knowledge_revision": 15, "git_revision": "d3b72526b6144e458131b3fef8556b53a994a681", "hash": "d001d53c059625c4bcf75bf5a7f3fcf0", "format-version": 4, "code-base-name": "chat_frontend", "filename": "chat_frontend/package.json", "revision_history": [{"15": "d3b72526b6144e458131b3fef8556b53a994a681"}]}