{"is_source_file": false, "format": "", "description": "", "external_files": [], "external_methods": [], "published": [], "classes": [], "methods": [], "calls": [], "search-terms": [], "state": 2, "file_id": 3, "knowledge_revision": 14, "git_revision": "d3b72526b6144e458131b3fef8556b53a994a681", "hash": "22f9e17cc1848b56dbb244518ac2707e", "format-version": 4, "code-base-name": "chat_frontend", "filename": "chat_frontend/src/App.css", "revision_history": [{"14": "d3b72526b6144e458131b3fef8556b53a994a681"}]}