{"is_source_file": false, "format": null, "description": "", "external_files": [], "external_methods": [], "published": [], "classes": [], "methods": [], "calls": [], "search-terms": [], "state": 2, "file_id": 8, "knowledge_revision": 21, "git_revision": "d3b72526b6144e458131b3fef8556b53a994a681", "hash": "d9d975cebe2ec20b6c652e1e4c12ccf0", "format-version": 4, "code-base-name": "chat_frontend", "filename": "chat_frontend/public/manifest.json", "revision_history": [{"21": "d3b72526b6144e458131b3fef8556b53a994a681"}]}