{"is_source_file": true, "format": "JavaScript (React JSX)", "description": "This file defines a React component 'App' that manages a theme (light/dark) toggle with a button, and renders associated UI elements including a header, an image, and a link.", "external_files": ["./logo.svg", "./App.css"], "external_methods": ["React.useState", "React.useEffect"], "published": ["App"], "classes": [], "methods": [{"name": "App()", "description": "Main React functional component managing theme state and rendering UI.", "scope": "", "scopeKind": ""}, {"name": "toggleTheme", "description": "Function to toggle theme between 'light' and 'dark'."}], "calls": ["React.useState", "React.useEffect", "document.documentElement.setAttribute", "setTheme", "prevTheme => prevTheme === 'light' ? 'dark' : 'light'", "document.querySelector", "setAttribute"], "search-terms": ["React component", "theme toggle", "useState", "useEffect", "App.js", "React JSX"], "state": 2, "file_id": 6, "knowledge_revision": 25, "git_revision": "d3b72526b6144e458131b3fef8556b53a994a681", "ctags": [{"_type": "tag", "name": "App", "path": "/home/kavia/workspace/code-generation/realtime-chat-platform-201535-201546/chat_frontend/src/App.js", "pattern": "/^function App() {$/", "language": "JavaScript", "kind": "function", "signature": "()"}, {"_type": "tag", "name": "Switch to ${theme === 'light' ? 'dark' : 'light'} mode", "path": "/home/kavia/workspace/code-generation/realtime-chat-platform-201535-201546/chat_frontend/src/App.js", "pattern": "/^          aria-label={`Switch to ${theme === 'light' ? 'dark' : 'light'} mode`}$/", "language": "JavaScript", "kind": "field", "scope": "App.aria", "scopeKind": "class"}, {"_type": "tag", "name": "toggleTheme", "path": "/home/kavia/workspace/code-generation/realtime-chat-platform-201535-201546/chat_frontend/src/App.js", "pattern": "/^          onClick={toggleTheme}$/", "language": "JavaScript", "kind": "field", "scope": "App.onClick", "scopeKind": "class"}], "hash": "b55dd9e6a018e59207d8e277dffd9e11", "format-version": 4, "code-base-name": "chat_frontend", "filename": "chat_frontend/src/App.js", "fields": [{"name": "aria-label={`Switch to ${theme === 'light' ? 'dark' : 'light'} mode`}", "scope": "App.aria", "scopeKind": "class", "description": "unavailable"}, {"name": "onClick={toggleTheme}", "scope": "App.onClick", "scopeKind": "class", "description": "unavailable"}], "revision_history": [{"25": "d3b72526b6144e458131b3fef8556b53a994a681"}]}