{"is_source_file": false, "format": "", "description": "", "external_files": [], "external_methods": [], "published": [], "classes": [], "methods": [], "calls": [], "search-terms": [], "state": 2, "file_id": 4, "knowledge_revision": 16, "git_revision": "d3b72526b6144e458131b3fef8556b53a994a681", "hash": "6c2104b8d219ed99234ae2d6329f4357", "format-version": 4, "code-base-name": "chat_frontend", "filename": "chat_frontend/src/index.css", "revision_history": [{"16": "d3b72526b6144e458131b3fef8556b53a994a681"}]}