{"is_source_file": true, "format": "JavaScript (React/JSX)", "description": "This file serves as the entry point for a React.js web application, responsible for rendering the root React component into the DOM.", "external_files": ["./index.css", "./App"], "external_methods": ["ReactDOM.createRoot", "ReactDOM.createRoot().render"], "published": [], "classes": [], "methods": [{"name": "ReactDOM.createRoot", "description": "Creates a React root to render React components into the specified DOM element."}, {"name": "createRoot().render", "description": "Renders the React component tree into the DOM."}], "calls": ["ReactDOM.createRoot", "root.render", "<React.StrictMode>", "<App />"], "search-terms": ["index.js", "ReactDOM", "root.render", "React.StrictMode"], "state": 2, "file_id": 5, "knowledge_revision": 24, "git_revision": "d3b72526b6144e458131b3fef8556b53a994a681", "ctags": [{"_type": "tag", "name": "root", "path": "/home/kavia/workspace/code-generation/realtime-chat-platform-201535-201546/chat_frontend/src/index.js", "pattern": "/^const root = ReactDOM.createRoot(document.getElementById('root'));$/", "language": "JavaScript", "kind": "constant"}], "hash": "9fc5841375336fc175b49f8767a11383", "format-version": 4, "code-base-name": "chat_frontend", "filename": "chat_frontend/src/index.js", "revision_history": [{"24": "d3b72526b6144e458131b3fef8556b53a994a681"}]}