{"is_source_file": false, "format": "", "description": "", "external_files": [], "external_methods": [], "published": [], "classes": [], "methods": [], "calls": [], "search-terms": ["realtime-chat-platform", "201535-201546"], "state": 2, "file_id": 12, "knowledge_revision": 20, "git_revision": "f67a5b6231f0b9353c233fc3bd910add49f5a5d1", "hash": "8e8a71751e3e5f19b5df7a11b8fe02d7", "format-version": 4, "code-base-name": "chat_frontend", "filename": "README.md", "revision_history": [{"20": "f67a5b6231f0b9353c233fc3bd910add49f5a5d1"}]}